Title,Link,Date and Time
JavaScript in 2020,/blog/javascript-in-2020,2020-05-27 21:40:51 UTC
Rithm's Alumni Mentor Program,/blog/bootcamp-alumni-mentorship-program,2020-05-12 22:36:35 UTC
Rithm School Remote Updates - Scholarships & Smaller Class Sizes,/blog/remote-2020-updates-scholarships,2020-05-06 18:03:43 UTC
Student Interview: R14 On Remote Company Projects,/blog/student-interview-remote-company-projects,2020-04-29 18:33:49 UTC
7 Easy Ways To Focus On The Job Search Process,/blog/focus-job-process-during-covid-19,2020-04-21 20:34:41 UTC
SanFranciscoBootcamps.com - Campus Review – Rithm School San Francisco,/blog/san-francisco-coding-bootcamps-review,2020-04-08 21:17:19 UTC
Rithm School Remote Learning FAQs,/blog/remote-learning-faq,2020-04-01 00:00:00 UTC
Looking Back On Our First Women In Tech Event Series ,/blog/looking-back-women-in-tech,2020-03-31 17:01:40 UTC
Working From Home: A Guide to Success,/blog/working-from-home-guide-to-success,2020-03-16 21:59:56 UTC
How To Get Good At Coding Challenges,/blog/how-to-get-good-at-coding-challenges,2020-03-04 21:47:44 UTC
Avoid Recruiters: Embrace Cold Email,/blog/avoid-recruiters-use-cold-email,2020-02-26 17:19:36 UTC
4 Strategies for Whiteboarding Success,/blog/strategies-for-whiteboarding,2020-02-16 17:12:40 UTC
8 Questions You Should Consider Before Becoming A Software Engineer,/blog/introduction-to-software-engineering,2020-02-13 20:07:09 UTC
Intro To Modern React - Preview,/blog/intro-to-modern-react-preivew,2020-02-05 17:18:59 UTC
Alumni Spotlight: Orlando Wong,/blog/alumni-spotlight-orlando-wong-rithm-school,2020-01-28 22:27:39 UTC
React Hooks! - useEffect,/blog/react-hooks-use-effect,2020-01-14 00:00:00 UTC
It’s 2020: Where are the Women in Tech? ,/blog/it-is-2020-where-are-the-women-in-tech,2019-12-20 00:00:00 UTC
Implementation Intentions: The Secret Weapon to Achieve Your Goals,/blog/implementation-intentions,2019-12-12 00:00:00 UTC
An Introduction to GraphQL - Mutations,/blog/an-introduction-to-graphql-mutations,2019-12-02 00:00:00 UTC
Student Interview: Jennifer + Luke on Company Projects,/blog/student-interview-jennifer-luke,2019-11-07 00:00:00 UTC
